component,pearson_r,spearman_rho,ols_slope,ols_slope_p,ols_r_squared
tri_mean,0.844896321399755,0.8592818428184282,0.019176024847923946,3.61651497760874e-23,0.7138497939148383
forest_pct,0.12876569172966004,0.020957542908762422,0.002890639215305321,0.25193765927811773,0.01658060336661782
water_pct,0.6136948002382229,0.6896053311201105,0.01454995109666773,1.1169415279919641e-09,0.37662130783943193
snow_pct,0.7993789097676561,0.8620822041553748,0.02305831153993455,3.691808126661525e-19,0.6390066413813276
