component,pearson_r,spearman_rho,ols_slope,ols_slope_p,ols_r_squared
tri_mean,0.85187754155655,0.8635049683830172,0.019149091855256064,6.754315298318493e-24,0.7256953458084316
forest_pct,0.11480473648895795,0.007023486901535682,0.0025525214497169437,0.3074618784538846,0.013180127520298957
water_pct,0.6230561282435076,0.6946643340077409,0.014630262935284754,5.25104623438593e-10,0.38819893894179025
snow_pct,0.8044550568272536,0.8660343270099368,0.02298224714917331,1.4903332322247757e-19,0.6471479384549398
