variable,I,expected_I,z_score,p_value,sim_mean,sim_std
SPI,0.809720644690326,-0.0125,10.751348182722689,0.001,-0.012536635356685519,0.07647945783844773
AI,0.8892728138829864,-0.0125,12.158302558955196,0.001,-0.008704354835713317,0.07385711651477983
Gap index,0.8835906739782494,-0.0125,11.969359096007857,0.001,-0.010456023110292863,0.07469461730718178
