{
  "n_tehsils": 81,
  "spi_mean": -0.2340391177603584,
  "ai_mean": 0.6962037275970718,
  "global_moran": [
    {
      "variable": "SPI",
      "I": 0.8146335687191582,
      "E[I]": -0.0125,
      "z": 10.77727024036391,
      "p": 0.001
    },
    {
      "variable": "AI",
      "I": 0.8892569652323905,
      "E[I]": -0.0125,
      "z": 11.60648911002384,
      "p": 0.001
    },
    {
      "variable": "Gap",
      "I": 0.8854643032924471,
      "E[I]": -0.0125,
      "z": 11.733870735766512,
      "p": 0.001
    }
  ],
  "priority_strict": 12,
  "priority_relaxed": 30,
  "outputs_dir": "c:\\Users\\AtifA\\Desktop\\Wasif SDS Project\\sds\\sds\\spi_gb_north\\outputs"
}