component,pearson_r,spearman_rho,ols_slope,ols_slope_p,ols_r_squared
tri_mean,0.85187754155655,0.8635049683830172,0.019149091855256064,6.754315298318493e-24,0.7256953458084316
forest_pct,0.11480473648895781,0.007023486901535682,0.25525214497169424,0.3074618784538848,0.013180127520299068
water_pct,0.6230561282435076,0.6946643340077409,1.4630262935284755,5.25104623438593e-10,0.38819893894179025
snow_pct,0.8044550568272538,0.8660343270099368,2.2982247149173305,1.4903332322247943e-19,0.6471479384549398
