metric,value
n,81.0
intercept,0.4007767783103108
ai_coef,-0.9118249025493139
ai_p,1.5363790267829526e-14
R2,0.5285434162247777
adj_R2,0.5225756113668635
residual_moran_I,0.6361020171463352
residual_moran_p,0.001
breusch_pagan_p,0.03107672415007968
jarque_bera_p,0.18669232121117402
