weight_set,corr_with_current_spi
proposal,0.9812711079916493
equal,0.9753823705414791
terrain_emphasis,0.9575212799777251
veg_water_emph,0.9921851470609108
